app_id,game_name,peak_players,num_aliases,aliases
751780,Forager,999,0,
967050,Pacify,999,0,
392110,ENDLESS™ Space 2,999,1,Endless Space 2
248390,Craft The World,999,0,
105450,Age of Empires® III (2007),999,1,Age of Empires III
208580,STAR WARS™ Knights of the Old Republic™ II: The Sith Lords™,999,4,KOTOR 2|KOTOR II|Knights of the Old Republic II|Knights of the Old Republic II: The Sith Lords
359870,FINAL FANTASY X/X-2 HD Remaster,999,3,FF10|FFX|Final Fantasy X
314160,Microsoft Flight Simulator X: Steam Edition,999,0,
780290,Gloomhaven,999,0,
393420,Hurtworld,999,0,
705210,Cube Racer,999,0,
232890,Stronghold Crusader 2,999,0,
70,Half-Life,999,0,
420740,The Deed,999,0,
268420,Aura Kingdom,999,0,
312530,Duck Game,999,0,
237310,Elsword,999,0,
216150,MapleStory,999,0,
8500,EVE Online,999,0,
362890,Black Mesa,999,0,
628070,Romance of the Three Kingdoms XI with Power Up Kit,999,0,
368500,Assassin's Creed Syndicate,999,0,
366220,Wurm Unlimited,999,0,
500,Left 4 Dead,999,0,
1672740,崩壊3rd,999,0,
365960,rFactor 2,999,0,
1118200,People Playground,999,0,
838350,太吾绘卷 The Scroll Of Taiwu,999,0,
1313860,EA SPORTS™ FIFA 21,999,1,FIFA 21
22330,The Elder Scrolls IV: Oblivion Game of the Year Edition (2009),999,4,Oblivion|TES IV|The Elder Scrolls IV: Oblivion|The Elder Scrolls IV: Oblivion Game of the Year Edition
1262240,Plants vs. Zombies: Battle for Neighborville™,999,1,PvZ Battle for Neighborville
562810,Monopoly Plus,999,0,
3900,Sid Meier's Civilization IV,999,0,
291480,Warface: Clutch,999,0,
327030,Worms W.M.D,999,0,
286200,ReignMaker,998,0,
339610,Freestyle 2: Street Basketball,998,0,
342200,MechWarrior Online™ Legends,998,2,MWO|MechWarrior Online
445980,Wizard of Legend,998,0,
678950,DRAGON BALL FighterZ,998,0,
202970,Call of Duty: Black Ops II,998,2,BO2|Black Ops 2
418460,Rising Storm 2: Vietnam,998,0,
236690,Blood Bowl 2,998,0,
1671200,Honkai Impact 3rd,998,0,
680420,OUTRIDERS,998,0,
451340,Gold Mining Simulator,998,0,
47410,Stronghold Kingdoms,998,0,
458600,ZRoll,998,0,
1238000,Mass Effect™: Andromeda,998,2,MEA|Mass Effect Andromeda
22320,The Elder Scrolls III: Morrowind,998,2,Morrowind|TES III
1369630,ENDER LILIES: Quietus of the Knights,998,0,
213670,South Park™: The Stick of Truth™,998,0,
752590,A Plague Tale: Innocence,998,0,
297000,Heroes of Might & Magic III - HD Edition,998,0,
383150,Dead Island Definitive Edition,998,1,Dead Island
1197260,The Perfect Tower II,998,0,
242860,Verdun,998,0,
1549970,Aliens: Fireteam Elite,998,0,
916440,Anno 1800,998,0,
1583320,Pro Soccer Online,998,0,
12120,Grand Theft Auto: San Andreas,998,2,GTA San Andreas|San Andreas
1227890,Summer Memories,998,0,
735850,Trailer Park Boys: Greasy Money,998,0,
401190,Dinosaur Hunt,998,0,
238010,Deus Ex: Human Revolution - Director's Cut,998,0,
728730,Holyday City: Reloaded,998,0,
407230,Legend of Mysteria,998,0,
200510,XCOM: Enemy Unknown,997,0,
215830,Closers,997,0,
1536610,OpenTTD,997,0,
221040,Resident Evil 6,997,1,RE6
201790,Orcs Must Die! 2,997,0,
212480,Sonic & All-Stars Racing Transformed Collection,997,0,
763890,Wildermyth,997,0,
829590,CryoFall,997,0,
555160,Pavlov,997,0,
205100,Dishonored,997,0,
228280,Baldur's Gate: Enhanced Edition,997,0,
488790,South Park™: The Fractured But Whole™,997,0,
1080110,F1 2020,997,0,
799960,Wizard101,997,0,
736220,Squad 44,997,0,
444490,POLYWAR,997,0,
1170950,Mortal Online 2,997,0,
21690,Resident Evil 5,997,1,RE5
429660,Tales of Berseria™,997,0,
903950,Last Oasis,997,0,
620980,Beat Saber,997,0,
621060,PC Building Simulator,997,0,
8870,BioShock Infinite,997,0,
418030,Subsistence,997,0,
589290,Holdfast: Nations At War,997,0,
992070,Idle Wizard,997,0,
389730,TEKKEN 7,997,2,T7|Tekken 7
253860,Earth 2140 HD,997,0,
611500,Quake Champions,997,0,
926990,WolfQuest: Anniversary Edition,997,1,WolfQuest
253250,Stonehearth,997,0,
645630,Car Mechanic Simulator 2018,997,0,
851850,DRAGON BALL Z: KAKAROT,997,0,
636480,Ravenfield,997,0,
1385380,Across the Obelisk,997,0,
846770,DYSMANTLE,997,0,
365590,Tom Clancy’s The Division™,997,1,The Division
3590,Plants vs. Zombies: Game of the Year,997,0,
47810,Dragon Age: Origins - Ultimate Edition,997,1,Dragon Age: Origins
228380,Wreckfest,997,0,
1364390,Animaze,996,0,
288470,Fable Anniversary,996,0,
775500,SCARLET NEXUS,996,0,
251060,Wargame: Red Dragon,996,0,
8800,Sid Meier's Civilization IV: Beyond the Sword,996,0,
209080,Guns of Icarus Online,996,0,
758190,Dragon Cliff 龙崖,996,0,
898920,Axis & Allies 1942 Online,996,0,
65980,Sid Meier's Civilization: Beyond Earth,996,0,
40970,Stronghold Crusader HD,996,0,
1161580,Hardspace: Shipbreaker,996,0,
55150,"Warhammer 40,000: Space Marine - Anniversary Edition",996,1,"Warhammer 40,000: Space Marine"
226840,Age of Wonders III,996,0,
571740,Golf It!,996,0,
1022450,War Selection,996,0,
859570,Secret Neighbor,996,0,
287390,Metro: Last Light Redux,996,0,
1096530,Solasta: Crown of the Magister,996,0,
312060,FINAL FANTASY XIV Online Free Trial,996,2,FF14|FFXIV
418240,Shadow Tactics: Blades of the Shogun,996,0,
720620,TaleSpire,996,0,
677620,Splitgate,996,0,
257350,Baldur's Gate II: Enhanced Edition,996,0,
434650,Lost Castle,996,0,
610080,Realm Grinder,995,0,
222880,Insurgency,995,0,
1216710,Cyber Manhunt,995,0,
512900,Streets of Rogue,995,0,
1102190,Monster Train,995,0,
1522820,Orcs Must Die! 3,995,0,
239820,Game Dev Tycoon,995,0,
255220,GRID Autosport,995,0,
249050,Dungeon of the ENDLESS™,995,1,Dungeon of the Endless
502520,Ultimate General: Civil War,995,0,
464920,Surviving Mars,995,0,
952060,Resident Evil 3,995,1,RE3
339600,VEGA Conflict,995,0,
979690,The Ascent,995,0,
815370,Green Hell,995,0,
22370,Fallout 3 - Game of the Year Edition,995,1,Fallout 3
346010,Besiege,995,0,
20900,The Witcher: Enhanced Edition,995,0,
894020,Death's Door,995,0,
997010,Police Simulator: Patrol Officers,995,0,
203290,America's Army: Proving Grounds,995,0,
9450,"Warhammer 40,000: Dawn of War - Soulstorm",995,0,
480490,Prey,995,0,
363890,RPG Maker MV,995,0,
209000,Batman™: Arkham Origins,995,1,Batman Arkham Origins
204880,Sins of a Solar Empire®: Rebellion,995,1,Sins of a Solar Empire
489520,Minion Masters,995,0,
360170,How to Survive 2,994,0,
24200,DC Universe™ Online,994,1,DCUO
376210,The Isle,994,0,
502500,ACE COMBAT™7: SKIES UNKNOWN,994,1,Ace Combat 7
234140,Mad Max,994,0,
868360,Project Hospital,994,0,
682990,Drug Dealer Simulator,994,0,
872790,Football Manager 2019,994,0,
22490,Fallout: New Vegas,994,0,
638970,Yakuza 0,994,0,
628890,NOBUNAGA'S AMBITION: Taishi,994,0,
1307890,Kingdoms Reborn,994,0,
387290,Ori and the Blind Forest: Definitive Edition,994,1,Ori and the Blind Forest
239030,"Papers, Please",994,0,
9420,Supreme Commander: Forged Alliance,994,0,
1106840,Hydroneer,994,0,
858810,Dawn of Man,994,0,
952860,河洛群俠傳 (Ho Tu Lo Shu ： The Books of Dragon),994,1,河洛群俠傳
113400,APB Reloaded,994,0,
550650,Black Squad,994,0,
479130,ESEA,994,0,
718850,Age of Wonders: Planetfall,994,0,
287450,Rise of Nations: Extended Edition,994,0,
459820,Crush Crush,994,0,
270150,RUNNING WITH RIFLES,994,0,
289650,Assassin's Creed® Unity,994,0,
208140,ENDLESS™ Space - Definitive Edition,994,2,ENDLESS Space|Endless Space
1162520,大富翁10(Richman 10),993,1,大富翁10
447020,Farming Simulator 17,993,0,
939960,Far Cry New Dawn,993,0,
1782380,SCP: Containment Breach Multiplayer,993,0,
767560,War Robots,993,0,
328080,Rise to Ruins,993,0,
648350,Jurassic World Evolution,993,0,
1239520,Madden NFL 21,993,1,Madden 21
242050,Assassin's Creed IV Black Flag,993,0,
623580,POBEDA,993,0,
1262580,Need for Speed™ Payback,993,1,NFS Payback
273110,Counter-Strike Nexon,993,0,
394510,HELLDIVERS™,993,1,Helldivers
400040,ShareX,993,0,
424030,War of Rights,993,0,
249130,LEGO® MARVEL Super Heroes,993,1,MARVEL Super Heroes
1281630,Anno 1404 - History Edition,993,0,
313120,Stranded Deep,993,0,
223750,DCS World Steam Edition,993,0,
454650,DRAGON BALL XENOVERSE 2,993,0,
285920,TerraTech,993,0,
1189490,觅长生,993,0,
32370,STAR WARS™ Knights of the Old Republic™,993,2,KOTOR|Knights of the Old Republic
335240,Transformice,993,0,
450860,Andarilho,993,0,
1318690,shapez,993,0,
1437880,三国群英传7,993,0,
490220,Prismata,992,0,
331470,Everlasting Summer,992,0,
1435790,Escape Simulator,992,0,
485510,Nioh: Complete Edition,992,1,Nioh
552100,Brick Rigs,992,0,
444640,Bloons TD Battles,992,0,
576480,Drunken Fight Simulator,992,0,
269210,Hero Siege,992,0,
1477590,EZ2ON REBOOT : R,992,0,
374040,Portal Knights,992,0,
712100,A Total War Saga: THRONES OF BRITANNIA,992,1,Thrones of Britannia
978520,Legend of Keepers: Career of a Dungeon Manager,992,0,
35140,Batman: Arkham Asylum GOTY Edition,992,0,
921570,OCTOPATH TRAVELER™,992,1,Octopath Traveler
4500,S.T.A.L.K.E.R.: Shadow of Chernobyl,992,0,
1009290,SWORD ART ONLINE Alicization Lycoris,992,0,
55230,Saints Row: The Third,992,0,
242920,Banished,992,0,
224260,No More Room in Hell,992,0,
655500,MX Bikes,992,0,
212200,Mabinogi,992,0,
800270,Terraforming Mars,992,0,
1072040,Panzer Corps 2,992,0,
436150,Governor of Poker 3,991,0,
859580,Imperator: Rome,991,0,
977400,Cell to Singularity - Evolution Never Ends,991,0,
400750,Call to Arms - Gates of Hell: Ostfront,991,0,
234330,MARVEL Puzzle Quest,991,0,
688420,Bad North: Jotunn Edition,991,0,
20920,The Witcher 2: Assassins of Kings Enhanced Edition,991,0,
410900,Forts,991,0,
1526490,恐惧之间 Fear surrounds,991,0,
700600,Evil Genius 2,991,0,
537180,Digimon Masters Online,991,0,
282800,100% Orange Juice,991,0,
503940,Railway Empire,991,0,
541300,Survive the Nights,991,0,
447040,Watch_Dogs 2,991,0,
1282730,Loop Hero,991,0,
1017180,The Long Drive,991,0,
70100,Hacker Evolution,991,0,
286690,Metro 2033 Redux,991,0,
288390,NOBUNAGA'S AMBITION: Souzou with Power Up Kit,991,0,
351030,Pixel Puzzles Ultimate Jigsaw Puzzles,991,0,
1377380,Night of the Dead,991,0,
211500,RaceRoom Racing Experience,991,0,
379720,DOOM,991,0,
946050,Soda Dungeon 2,991,0,
361280,Turmoil,991,0,
1478220,Puzzle Together,991,0,
675010,MudRunner,991,0,
644560,Mirror,991,0,
397460,The Jackbox Party Pack 2,990,0,
434170,The Jackbox Party Pack 3,990,0,
1361350,DEAD OR ALIVE Xtreme Venus Vacation,990,2,DOA Xtreme|DOAXVV
431730,Aseprite,990,0,
431240,Golf With Your Friends,990,0,
1259980,RIDE 4,990,0,
551170,Onmyoji,990,0,
1377580,Soulworker,990,0,
1016920,Unrailed!,990,0,
1210320,Potion Craft: Alchemist Simulator,990,0,
24780,SimCity 4 Deluxe,990,0,
603850,Age of History II,990,0,
690830,Foundation,990,0,
113200,The Binding of Isaac,990,0,
1455840,Dorfromantik,990,0,
394690,Tower Unite,990,0,
286160,Tabletop Simulator,990,0,
1211630,The Jackbox Party Pack 7,989,0,
445220,Avorion,989,0,
1256670,Library Of Ruina,989,0,
215080,WAKFU,989,0,
629760,MORDHAU,989,0,
374280,Hired Ops,989,0,
1043260,Gladiator Guild Manager,989,0,
494840,UBOAT,989,0,
307690,Sleeping Dogs: Definitive Edition,989,1,Sleeping Dogs
678960,CODE VEIN,989,0,
695290,The Golf Club™ 2019 Featuring PGA TOUR,989,0,
333420,Cossacks 3,989,0,
403640,Dishonored 2,989,0,
261640,Borderlands: The Pre-Sequel,989,0,
555570,Infestation: The New Z,989,0,
601840,Griftlands,989,0,
606150,Moonlighter,989,0,
413410,Danganronpa: Trigger Happy Havoc,989,0,
1127400,Mindustry,988,0,
305620,The Long Dark,988,0,
392160,X4: Foundations,988,0,
310560,DiRT Rally,988,0,
920490,Driver Booster for Steam,988,0,
962730,Skater XL,988,0,
206480,Dungeons & Dragons Online®,988,0,
252870,PULSAR: Lost Colony,988,0,
252530,OMSI 2,988,0,
254700,Resident Evil 4 (2005),988,2,RE4|Resident Evil 4
663090,Granado Espada,988,0,
278080,DYNASTY WARRIORS 8: Xtreme Legends Complete Edition,988,1,DYNASTY WARRIORS 8: Xtreme Legends
241560,The Crew,988,0,
1338770,Sniper Ghost Warrior Contracts 2,987,0,
378860,Project CARS 2,987,0,
337410,Karos,987,0,
368070,Sniper Ghost Warrior 3,987,0,
1371580,Myth of Empires,987,0,
1419170,My Singing Monsters,987,0,
919640,Steel Division 2,987,0,
108600,Project Zomboid,987,1,PZ
1334000,Wordle,987,0,
1235140,Yakuza: Like a Dragon,987,0,
1243830,Overcooked! All You Can Eat,987,0,
826630,Iron Harvest,987,0,
632300,Hobo: Tough Life,987,0,
1063730,New World: Aeternum,987,0,
1562420,FOREWARNED,987,0,
1190460,DEATH STRANDING,987,0,
539720,Razortron 2000,987,0,
704270,Generation Zero®,987,0,
690510,Black Survival,987,0,
215930,Jagged Alliance 2 - Wildfire,987,0,
1225330,NBA 2K21,987,1,2K21
243470,Watch_Dogs,987,0,
373420,Divinity: Original Sin - Enhanced Edition,987,0,
1105420,Game of Thrones Winter is Coming,986,0,
9200,RAGE,986,0,
1215390,Animal Revolt Battle Simulator,986,0,
268910,Cuphead,986,0,
385770,Time Clickers,986,0,
843380,Super Animal Royale,986,0,
933480,Enderal: Forgotten Stories,986,0,
738520,Breathedge,986,0,
1254120,Bless Unleashed,986,0,
397500,Labyronia RPG 2,986,0,
559650,Witch It,986,0,
466240,Deceit,986,0,
470220,UNO,986,0,
409710,BioShock Remastered,985,0,
740130,Tales of ARISE,985,0,
331670,The Jackbox Party Pack,985,0,
375450,NOBUNAGA'S AMBITION: Sphere of Influence - Ascension,985,0,
334230,Town of Salem,985,0,
1007040,EARTH DEFENSE FORCE 5,985,0,
704450,Neverwinter Nights: Enhanced Edition,985,0,
506140,Shop Heroes,985,0,
1520370,Mon Bazou,985,0,
1372280,MELTY BLOOD: TYPE LUMINA,985,0,
544550,Stationeers,985,0,
1097150,Fall Guys,985,0,
42700,Call of Duty: Black Ops,985,2,BO|Black Ops
626690,Sword Art Online: Fatal Bullet,985,0,
599390,Battle for Wesnoth,985,0,
367500,Dragon's Dogma: Dark Arisen,985,0,
924140,Hand Simulator: Survival,985,0,
205710,EverQuest,985,0,
1930,Two Worlds: Epic Edition,985,0,
1229490,ULTRAKILL,985,0,
897330,Coloring Pixels,984,0,
282070,This War of Mine,984,0,
550900,Metin2,984,0,
698780,Doki Doki Literature Club,984,0,
9880,Champions Online,984,0,
227860,Castle Story,984,0,
1295500,"Warhammer 40,000: Battlesector",984,0,
375480,Chronicon,984,0,
469600,Legion TD 2,984,0,
1169040,Necesse,984,0,
1173370,Slapshot: Rebound,984,0,
495910,Dungeon Fighter Online,984,0,
1030210,Torchlight III,984,0,
744900,Dead Frontier 2,984,0,
1017900,Age of Empires: Definitive Edition,984,1,Age of Empires
466170,Idling to Rule the Gods,984,0,
226580,F1 2014,983,0,
65800,Dungeon Defenders,983,0,
300,Day of Defeat: Source,983,0,
365360,Battle Brothers,983,0,
383980,Rivals of Aether,983,0,
218230,PlanetSide 2,983,0,
289130,ENDLESS™ Legend,983,1,Endless Legend
593600,PixARK,983,0,
633230,NARUTO TO BORUTO: SHINOBI STRIKER,983,0,
1284410,GWENT: The Witcher Card Game,983,0,
246620,Plague Inc: Evolved,983,0,
1005300,The Jackbox Party Pack 6,983,0,
329110,Gems of War - Puzzle RPG,983,0,
780310,The Riftbreaker,983,0,
261430,AION Free-to-Play,982,0,
337000,Deus Ex: Mankind Divided,982,0,
370240,NBA 2K16,982,0,
212070,Star Conflict,982,0,
307960,IL-2 Sturmovik: Battle of Stalingrad,982,0,
24960,Battlefield: Bad Company™ 2,982,1,BF Bad Company 2
1009560,The Tenants,982,0,
1509960,PICO PARK,982,0,
311310,Naval Action,982,0,
512160,Volleying,982,0,
895400,Deadside,982,0,
977950,A Dance of Fire and Ice,982,0,
1900,Earth 2160,982,0,
1173510,XSOverlay,982,0,
860510,Little Nightmares II,982,0,
1113560,NieR Replicant™ ver.1.22474487139...,982,1,NieR Replicant
629730,Blade and Sorcery,982,0,
1066890,Automobilista 2,982,0,
215280,Secret World Legends,982,0,
831980,Out of the Park Baseball 20,981,0,
253230,A Hat in Time,981,0,
204450,Call of Juarez Gunslinger,981,0,
657730,Wolflord - Werewolf Online,981,0,
617290,Remnant: From the Ashes,981,0,
1189630,俠之道(PathOfWuxia),981,1,俠之道
568220,Lobotomy Corporation,981,0,
1404850,Luck be a Landlord,981,0,
415200,Motorsport Manager,981,0,
493340,Planet Coaster,981,0,
33930,Arma 2: Operation Arrowhead,981,0,
979110,Space Haven,981,0,
493490,City Car Driving,981,0,
883860,Cadria Item Shop,981,0,
583950,Artifact Classic,981,0,
233860,Kenshi,981,0,
365670,Blender,980,0,
955900,Amazing Cultivation Simulator,980,0,
270370,Lambda Wars,980,0,
718670,Cultist Simulator,980,0,
960090,Bloons TD 6,980,0,
1054490,Wingspan,980,0,
442080,Riders of Icarus,980,0,
2310,Quake,980,0,
875210,三国群英传8 Kingdom Heroes 8,980,0,
597170,Clone Drone in the Danger Zone,980,0,
860890,Factory Town,980,0,
972660,Spiritfarer®: Farewell Edition,980,0,
7510,X-Blades,980,0,
94400,Nidhogg,980,0,
636040,Pixel Worlds,979,0,
953880,First Class Trouble,979,0,
1041720,Kingdoms of Amalur: Re-Reckoning,979,0,
668630,Tricolour Lovestory,979,0,
1139980,Travellers Rest,979,0,
424840,Little Nightmares,979,0,
794260,Outward Definitive Edition,979,1,Outward
485610,Soccer Online: Ball 3D,979,0,
714210,Zula Türkiye,979,0,
212160,Vindictus,979,0,
42960,Victoria II,979,0,
248330,Dino Run DX,979,0,
337320,Paint the Town Red,979,0,
220240,Far Cry® 3,979,0,
324800,Shadow Warrior 2,979,0,
837470,Untitled Goose Game,978,0,
285900,Gang Beasts,978,0,
1714040,Super Auto Pets,978,0,
17480,Command & Conquer™ Red Alert™ 3,978,0,
707010,Will To Live Online,978,0,
223710,Cry of Fear,978,0,
1089090,ONE PIECE: PIRATE WARRIORS 4,978,0,
1088150,Scribble It!,978,0,
238320,Outlast,978,0,
1353300,Idle Slayer,978,0,
1262540,Need for Speed™,978,0,
1222700,A Way Out,978,0,
244160,Homeworld Remastered Collection,978,0,
637650,FINAL FANTASY XV WINDOWS EDITION,978,2,FF15|FFXV
504230,Celeste,978,0,
252150,Grimm,978,0,
1128920,EVERSPACE™ 2,978,0,
99900,Spiral Knights,978,0,
200710,Torchlight II,977,0,
109600,Neverwinter,977,0,
218510,Planets Under Attack,977,0,
382310,Eco,977,0,
227300,Euro Truck Simulator 2,977,0,
834530,Yakuza Kiwami,977,0,
24800,Command & Conquer™ Red Alert™ 3 - Uprising,977,0,
1393370,Actraiser Renaissance,977,0,
240720,Getting Over It with Bennett Foddy,977,0,
421020,DiRT 4,977,0,
696370,BROKE PROTOCOL,977,0,
823500,BONEWORKS,976,0,
753420,Dungreed,976,0,
113420,Fallen Earth Classic,976,0,
332310,LEGO® Worlds,976,1,Worlds
411300,ELEX,976,0,
304030,ArcheAge,976,0,
39120,RIFT,976,0,
692850,Bloodstained: Ritual of the Night,976,0,
1094780,Fisher Online,976,0,
344760,Reign Of Kings,976,0,
241930,Middle-earth™: Shadow of Mordor™,976,1,Shadow of Mordor
1213740,She Will Punish Them,976,0,
413420,Danganronpa 2: Goodbye Despair,975,0,
1687670,LAST CLOUDIA,975,0,
420290,Blackwake,975,0,
844870,KurtzPel,975,0,
997070,Marvel's Avengers - The Definitive Edition,975,4,Avengers|Avengers - The Definitive Edition|Marvel's Avengers|Marvel's Avengers - The
32440,LEGO® Star Wars™: The Complete Saga,975,1,Star Wars: The Complete Saga
590380,Into the Breach,975,0,
274190,Broforce,975,0,
488210,JDM Tuner Racing,975,0,
1178830,Bright Memory: Infinite,975,0,
299740,Miscreated,975,0,
704230,Pro Cycling Manager 2018,975,0,
527430,"Warhammer 40,000: Inquisitor - Martyr",975,0,
517630,Just Cause 4,975,0,
1252330,DEATHLOOP,975,0,
311290,SpellForce 3 Reforced,975,0,
545690,VOI,974,0,
745920,Temtem,974,0,
349040,NARUTO SHIPPUDEN: Ultimate Ninja STORM 4,974,0,
641990,The Escapists 2,974,0,
204300,Awesomenauts,974,0,
1418100,Swords of Legends Online,974,0,
585690,Minimalism,974,0,
524220,NieR:Automata™,974,1,NieR Automata
513590,So Many Cubes,973,0,
429790,AdventureQuest 3D,973,0,
308600,Skillshot City,973,0,
629910,Clicker Heroes 2,973,0,
666140,My Time at Portia,973,0,
858820,Tribes of Midgard,973,0,
1482910,Idle Monster TD,973,0,
371660,Far Cry® Primal,973,0,
487120,Citadel: Forged With Fire,973,0,
11020,TrackMania Nations Forever,973,0,
367450,Poly Bridge,973,0,
992300,嗜血印 Bloody Spell,973,0,
777130,Blush Blush,972,0,
677120,Heroes of Hammerwatch,972,0,
1239080,Door Kickers 2,972,0,
769560,月圆之夜 (Night of Full Moon),972,1,月圆之夜
290080,Life is Feudal: Your Own,972,0,
531640,Eternal Card Game,972,0,
1397920,Mr.Mine,972,0,
834910,ATLAS,972,0,
656350,UnderMine,971,0,
658850,Do Not Feed the Monkeys,971,0,
1069660,Ultimate Admiral: Dreadnoughts,971,0,
266840,Age of Mythology: Extended Edition,971,0,
899440,GOD EATER 3,971,0,
264710,Subnautica,971,0,
785260,Team Sonic Racing™,971,0,
1149620,Gas Station Simulator,971,0,
460920,Steep™,971,0,
221680,Rocksmith® 2014 Edition - Remastered,971,0,
927380,Yakuza Kiwami 2,971,0,
489630,"Warhammer 40,000: Gladius - Relics of War",971,0,
700030,Life is Feudal: MMO,971,0,
391260,Labyronia RPG,970,0,
253880,Earth 2150 Trilogy,970,0,
450540,"Hot Dogs, Horseshoes & Hand Grenades",970,0,
1467450,The Chronicles Of Myrtana: Archolos,970,0,
870780,Control Ultimate Edition,970,1,Control
702320,March of Empires,970,0,
1827180,Toram Online,970,0,
610370,Desperados III,969,0,
242640,Styx: Master of Shadows,969,0,
330020,Children of Morta,969,0,
589870,Learn to Fly 3,969,0,
245170,Skullgirls 2nd Encore,969,0,
220,Half-Life 2,969,0,
884660,CRSED: Cuisine Royale,969,0,
670290,Real Pool 3D - Poolians,969,0,
386280,Vendetta - Curse of Raven's Cry,969,0,
207140,SpeedRunners,969,0,
1239260,Barro F,968,0,
1386780,City of Gangsters,968,0,
1009850,OVR Advanced Settings,968,0,
736260,Baba Is You,968,0,
386070,Planetary Annihilation: TITANS,967,0,
418370,Resident Evil 7 Biohazard,967,1,RE7
476600,Call of Duty: WWII,967,2,CoD WWII|WWII
1509510,Settlement Survival,967,0,
897450,The Survivalists,967,0,
821880,Idol Manager,967,0,
1525700,Tavern Master,966,0,
1150690,OMORI,966,0,
728530,SD GUNDAM G GENERATION CROSS RAYS,966,0,
364360,Total War: WARHAMMER,966,2,TWW|Total War Warhammer
1520470,灵境奇谈,966,0,
1277400,Monster Hunter Stories 2: Wings of Ruin,966,0,
595520,FINAL FANTASY XII THE ZODIAC AGE,966,2,FF12|FFXII
12200,Bully: Scholarship Edition,965,0,
614910,#monstercakes,965,0,
1293160,The Medium,965,0,
402840,Crusaders of the Lost Idols,965,0,
1737100,Treasure of Nadia,964,0,
433850,Z1 Battle Royale,964,0,
1418870,Winning Post 9 2021,964,0,
232910,TrackMania² Stadium,964,0,
346500,Road Scars: Origins,964,0,
301120,Eastside Hockey Manager,964,0,
1352080,SMASH LEGENDS,963,0,
380120,Celia's Quest,963,0,
865360,We Were Here Together,963,0,
1135810,Vault of the Void,963,0,
389570,Mitos.is: The Game,963,0,
994280,古剑奇谭三(Gujian3),963,1,古剑奇谭三
515220,F1 2017,963,0,
211050,Battle vs Chess,963,0,
1367550,Kingdom Rush Vengeance - Tower Defense,963,0,
1097840,Gears 5,962,0,
299360,Block N Load,962,0,
610180,The Jackbox Party Pack 4,962,0,
562360,"Planes, Bullets and Vodka",962,0,
1175730,Tree of Savior (Japanese Ver.),962,1,Tree of Savior
418530,Spelunky 2,962,0,
482730,Football Manager 2017,962,0,
391540,Undertale,962,0,
319630,Life is Strange - Episode 1,961,0,
246900,Viscera Cleanup Detail,961,0,
1105670,The Last Spell,961,0,
3910,Sid Meier's Civilization III: Complete,961,0,
872200,Rogue Company,961,0,
858210,Nova Drift,961,0,
996580,Spyro™ Reignited Trilogy,960,0,
504370,Battlerite,960,0,
204360,Castle Crashers®,960,0,
505460,Foxhole,960,0,
1682970,Uncrashed : FPV Drone Simulator,960,0,
969990,SpongeBob SquarePants: Battle for Bikini Bottom - Rehydrated,960,0,
286570,F1 2015,959,0,
253920,Gorky 17,959,0,
683320,GRIS,959,0,
16900,GROUND BRANCH,959,0,
1191840,Legend creatures,959,0,
1030840,Mafia: Definitive Edition,958,1,Mafia
1279610,PrprLive,958,0,
784950,Supremacy: World War 3,958,0,
673610,Airport CEO,958,0,
1090630,Granblue Fantasy: Versus,958,0,
291650,Pillars of Eternity,958,0,
1282590,Train Sim World® 2,958,0,
753640,Outer Wilds,958,0,
1127500,Mini Motorways,958,0,
212500,The Lord of the Rings Online™,957,0,
386940,Ultimate Chicken Horse,957,0,
363150,Romance of the Three Kingdoms XIII,957,0,
7520,Two Worlds II HD,957,0,
525300,Starship Annihilator,957,0,
253710,theHunter Classic,956,0,
410210,Ampersand,956,0,
1335790,Operation: Tango,956,0,
424370,Wolcen: Lords of Mayhem,956,0,
298110,Far Cry® 4,955,0,
690530,Soul at Stake - 1v4,955,0,
298050,Master of Orion,955,0,
1222690,Dragon Age™ Inquisition,955,1,DAI
1241100,POLYGON,955,0,
569480,Kingdoms and Castles,955,0,
265630,Fistful of Frags,955,0,
429050,Feed and Grow: Fish,955,0,
1380420,Grow: Song of the Evertree,954,0,
47870,Need for Speed: Hot Pursuit,954,0,
1042550,Digimon Story Cyber Sleuth: Complete Edition,954,1,Digimon Story Cyber Sleuth
550470,NosTale - Anime MMORPG,954,0,
674020,World War 3,954,0,
1139900,Ghostrunner,953,0,
351510,Quiplash,953,0,
269950,X-Plane 11,953,0,
457710,Road Madness,953,0,
719040,Wasteland 3,952,0,
1590320,Bro Falls: Ultimate Showdown,952,0,
588030,Derail Valley,952,0,
1150640,Yu-Gi-Oh! Legacy of the Duelist : Link Evolution,952,0,
569610,Distant Space,952,0,
1049800,BLOCKADE,952,0,
32470,STAR WARS™ Empire at War: Gold Pack,952,2,Empire at War|Empire at War: Gold Pack
339800,HuniePop,952,0,
1283970,YoloMouse - Cursor Changer,952,0,
214510,LEGO® The Lord of the Rings™,951,1,The Lord of the Rings
253980,Enclave,951,0,
681280,Descenders,950,0,
320240,We Happy Few,950,0,
585420,Trailmakers,950,0,
1369320,Virtual Cottage,950,0,
612020,Zombidle: REMONSTERED,950,0,
268650,From the Depths,950,0,
385800,NEKOPARA Vol. 0,949,0,
630,Alien Swarm,949,0,
254060,KnightShift,949,0,
362400,Regimental Chess,949,0,
1160750,Grim Clicker,949,0,
247000,Talisman: Digital Classic Edition,948,0,
438740,Friday the 13th: The Game,948,0,
516750,My Summer Car,948,0,
638070,Murderous Pursuits,948,0,
546560,Half-Life: Alyx,948,0,
704850,Thief Simulator,948,0,
1619750,Karryn's Prison,948,0,
293760,Automation - The Car Company Tycoon Game,947,0,
493900,Dungeons 3,947,0,
238460,BattleBlock Theater®,947,0,
937310,Infinitode 2,947,0,
933820,Endzone - A World Apart,947,0,
737800,F1 2018,947,0,
666860,Bit Heroes,947,0,
607890,Sword Art Online: Hollow Realization Deluxe Edition,947,1,Sword Art Online: Hollow Realization
598330,SimAirport,946,0,
253900,Knights and Merchants,946,0,
461040,PICO PARK:Classic Edition,946,0,
44350,GRID 2,946,0,
984780,MotoGP™19,946,0,
473690,Absolver,946,0,
1100620,Football Manager 2020 Touch,945,0,
284160,BeamNG.drive,945,0,
219990,Grim Dawn,945,0,
1072420,DRAGON QUEST BUILDERS™ 2,945,2,DQB2|Dragon Quest Builders 2
322170,Geometry Dash,945,0,
280160,Aragami,945,0,
1644960,NBA 2K22,944,1,2K22
1253920,Rogue Legacy 2,944,0,
1584090,东方夜雀食堂 - Touhou Mystia's Izakaya,944,0,
996470,eFootball PES 2020,943,0,
1119730,"Ranch Simulator: Build, Hunt, Farm",943,0,
543460,Dead Rising 4,943,0,
522570,The Last Hope,943,0,
1088090,Day of Dragons,943,0,
453090,Parkitect,943,0,
1672970,Minecraft Dungeons,942,0,
427730,Who's Your Daddy?!,942,0,
462930,AdVenture Communist,942,0,
1069740,Seen,942,0,
1220010,Home Behind 2,941,0,
265550,Dead Rising 3 Apocalypse Edition,941,0,
438040,Shakes and Fidget,941,0,
323850,Move or Die,941,0,
1229460,Dice Legacy,940,0,
525920,Pro Cycling Manager 2017,940,0,
1593350,Increlution,940,0,
1721470,Poppy Playtime,940,0,
1158850,The Great Ace Attorney Chronicles,939,0,
1121560,Atelier Ryza: Ever Darkness & the Secret Hideout,939,0,
943700,Monster Girl Island: Prologue,939,0,
320300,Car Mechanic Simulator 2015,939,0,
34220,Football Manager 2011,938,0,
841370,NBA 2K19,938,0,
968250,King of Retail,938,0,
1504980,It Takes Two Friend's Pass,937,0,
1218740,Rakion Chaos Force,937,0,
578650,The Outer Worlds,936,0,
437920,Tricky Towers,936,0,
941460,Death Trash,936,0,
636150,Cyberhunt,936,0,
43110,Metro 2033,936,0,
899770,Last Epoch,935,0,
370910,Kathy Rain,935,0,
1301720,Escape Room - The Sick Colleague,935,0,
488860,MADNESS: Project Nexus,935,0,
333930,Dirty Bomb,935,0,
448070,Red Risk,934,0,
293180,Overcast - Walden and the Werewolf,934,0,
1157340,Hentai Killer,934,0,
1147560,Skul: The Hero Slayer,934,0,
981600,Eternium,934,0,
747660,Five Nights at Freddy's: Security Breach,934,0,
301190,Frederic: Resurrection of Music,934,0,
1089350,NBA 2K20,933,0,
234630,Project CARS,933,0,
839770,Phoenix Point,933,0,
1446650,BRAVELY DEFAULT II,933,0,
266410,iRacing,933,0,
351940,The Descendant,933,0,
1015500,WWE 2K20,933,0,
1295510,DRAGON QUEST® XI S: Echoes of an Elusive Age™ - Definitive Edition,933,4,DQ11|DQXI|DRAGON QUEST XI S: Echoes of an Elusive Age|Dragon Quest XI
928600,F1 2019,933,0,
684450,Surviving the Aftermath,932,0,
1084520,雀姬/姫麻雀,932,0,
397060,Faeria,932,0,
274940,Depth,932,0,
1668940,崩坏3,932,0,
537800,Bomber Crew,932,0,
283640,Salt and Sanctuary,932,0,
535930,Two Point Hospital,931,0,
1240210,There Is No Game: Wrong Dimension,930,0,
1777760,Soccer Manager 2022,930,0,
1183940,Scavengers,930,0,
381640,Allods Online RU,930,0,
17390,Spore,929,0,
1124300,HUMANKIND™,929,0,
1140620,CosmicBreak Universal,929,0,
1286880,Ship Graveyard Simulator,929,0,
1408720,Krunker,929,0,
592580,PRO EVOLUTION SOCCER 2018,928,0,
1161490,MotoGP™20,928,0,
1088850,Marvel's Guardians of the Galaxy,928,1,Guardians of the Galaxy
253940,Septerra Core,927,0,
408900,Unfortunate Spacemen,927,0,
1343670,Dealer's Life 2,927,0,
1135690,Unpacking,927,0,
1433990,NGU INDUSTRIES,927,0,
362620,Software Inc.,927,0,
544730,Catan Universe,927,0,
237990,The Banner Saga,926,0,
814480,Mini World: Block Art,926,0,
503900,Candy Smash VR,926,0,
1180320,三国杀,926,0,
259080,Just Cause 2: Multiplayer Mod,925,0,
646910,The Crew™ 2,925,0,
301200,Frederic: Evil Strikes Back,925,0,
936140,Pro Cycling Manager 2019,925,0,
747610,Zula Global,924,0,
672680,Call of War,924,0,
427290,Vampyr,923,0,
710920,Darksiders Genesis,923,0,
723780,Modern Combat Versus,923,0,
1118310,RetroArch,923,0,
701160,Kingdom Two Crowns,922,0,
529180,Dark and Light,922,0,
341800,Keep Talking and Nobody Explodes,922,0,
1356670,Sakuna: Of Rice and Ruin,922,0,
1431610,Prison Simulator Prologue,922,0,
315070,Blob From Space,922,0,
366090,Colony Survival,921,0,
1519350,Madden NFL 22,920,1,Madden 22
368230,Kingdom: Classic,920,0,
412220,DDNet,920,0,
252410,SteamWorld Dig,920,0,
1227280,Despot's Game: Dystopian Battle Simulator,920,0,
1134570,F1 2021,920,0,
760160,Vampire: The Masquerade - Bloodhunt,920,0,
108200,Ticket to Ride,920,0,
1262560,Need for Speed™ Most Wanted,920,1,NFS Most Wanted
560130,Pillars of Eternity II: Deadfire,920,0,
829660,No Time to Relax,919,0,
1812820,Bitburner,919,0,
1127980,NASCAR Heat 4,919,0,
418070,Turbo Pug,918,0,
1307090,Barro Racing,918,0,
773790,Ostriv,917,0,
1259790,Puyo Puyo™ Tetris® 2,917,0,
475550,Beholder,917,0,
606800,Startup Company,917,0,
694280,Zombie Army 4: Dead War,917,0,
973580,Sniper Ghost Warrior Contracts,916,0,
805550,Assetto Corsa Competizione,916,0,
1276790,Ruined King: A League of Legends Story™,916,0,
1533390,Gorilla Tag,916,0,
738060,Freddy Fazbear's Pizzeria Simulator,916,0,
544920,Darwin Project,915,0,
754120,Ninja Stealth 3,915,0,
226700,Infestation: The New Beginning,915,0,
1466640,Road 96 🛣,914,0,
2990,FlatOut 2,914,0,
794600,LET IT DIE,914,0,
410340,Liftoff,914,0,
671970,Junkyard Simulator,914,0,
606880,GreedFall,914,0,
719890,Beasts of Bermuda,914,0,
1089980,The Henry Stickmin Collection,914,0,
438480,Rock 'N' Roll Defense,913,0,
262410,World of Guns: Gun Disassembly,912,0,
581200,Nash Racing,912,0,
1162750,Songs of Syx,912,0,
503560,911 Operator,912,0,
939400,LoveChoice 拣爱,911,0,
599140,Graveyard Keeper,911,0,
871720,Ultimate Custom Night,911,0,
548720,Through the Mirror,910,0,
1069650,Ultimate Admiral: Age of Sail,910,0,
96100,Defy Gravity,909,0,
1463120,College Kings - The Complete Season,909,0,
301520,Robocraft,909,0,
312450,Order of Battle: World War II,909,0,
361420,ASTRONEER,909,0,
840800,Outlaws of the Old West,908,0,
274920,FaceRig,908,0,
1157220,Nebuchadnezzar,908,0,
1137460,ALTF4,908,0,
412600,Lup,908,0,
1499560,LastCloudiaTc,908,0,
368990,Despair,908,0,
644930,They Are Billions,908,0,
1123770,Curse of the Dead Gods,908,0,
1495320,Carnal Instinct,907,0,
973760,Thronebreaker: The Witcher Tales,907,0,
359840,Shift Happens,907,0,
914690,Hentai Shooter 3D,906,0,
1094520,部落与弯刀 Sands of Salzaar,906,0,
1413480,Shin Megami Tensei III Nocturne HD Remaster,904,0,
391040,F1 2016,904,0,
621830,WRC 7,904,0,
950740,China: Mao's legacy,903,0,
384180,Prominence Poker,903,0,
244450,Men of War: Assault Squad 2,903,0,
618140,Barro,903,0,
979070,Just Die Already,902,0,
493520,GTFO,902,0,
1371630,Incremental Adventures,902,0,
514360,Freedom Fighter,902,0,
311260,The Guild 3,901,0,
1447000,MotoGP™21,901,0,
1062000,Starmancer,900,0,
1257290,Atelier Ryza 2: Lost Legends & the Secret Fairy,899,0,
734750,PickCrafter,899,0,
509980,BIGFOOT,899,0,
1448530,Soccer Manager 2021,899,0,
350640,Sherlock Holmes: The Devil's Daughter,899,0,
433340,Slime Rancher,898,0,
770240,PRO EVOLUTION SOCCER 2019,898,0,
882790,天命奇御 Fate Seeker,897,0,
225840,Sven Co-op,897,0,
399790,Destiny Warriors,897,0,
1173550,Winning Post 9 2020,897,0,
304050,Trove,896,0,
1486350,VRoid Studio v2.7.0,895,0,
380840,Teeworlds,895,0,
290730,My Lands,895,0,
1382330,Persona® 5 Strikers,895,1,P5S
340070,Battle Ranch,894,0,
1453850,Pro Cycling Manager 2021,894,0,
453270,Madness Cubed,894,0,
523150,Mahjong World Contest,892,0,
1432860,Sun Haven,892,0,
1328660,Need for Speed™ Hot Pursuit Remastered,892,1,NFS Hot Pursuit
279720,The I of the Dragon,892,0,
269710,Tumblestone,891,0,
930210,HuniePop 2: Double Date,891,0,
368340,CrossCode,891,0,
824270,KovaaK's,891,0,
1530340,Incremental Epic Hero,891,0,
898750,Super Robot Wars 30,891,0,
584800,Civil War: Battle of Petersburg,891,0,
557180,League of Maidens,890,0,
95400,ibb & obb,890,0,
48000,LIMBO,889,0,
1568590,Goose Goose Duck,888,0,
208500,F1 2012,888,0,
1276390,Bloons TD Battles 2,888,0,
1110910,Mortal Shell,888,0,
287980,Mini Metro,888,0,
671510,Desolate,888,0,
1506980,葬花·暗黑桃花源,887,0,
1161770,Breeders of the Nephelym,887,0,
96000,The Tiny Bang Story,887,0,
1067810,First Day,885,0,
567630,Blood of Steel,885,0,
601050,Attack on Titan 2 - A.O.T.2,884,0,
578310,BRAIN / OUT,884,0,
1455660,Out of the Park Baseball 22,883,0,
1222800,VALKYRIE CONNECT,883,0,
1143810,Black Skylands,883,0,
1307550,Craftopia,883,0,
3830,Psychonauts,883,0,
1017100,Territory Idle,882,0,
1360000,The Infected,882,0,
513930,J.U.R : Japan Underground Racing,882,0,
625960,Stoneshard,880,0,
629820,Maneater,879,0,
667890,Dead Maze,879,0,
1180660,Tell Me Why,879,0,
302670,Call to Arms,878,0,
880940,Pummel Party,878,0,
981430,Gordian Quest,877,0,
855740,Bum Simulator,877,0,
396160,Secret Of Magia,877,0,
407530,ARK: Survival Of The Fittest,876,0,
34900,Bad Rats,874,0,
433530,Heliborne Collection,874,0,
248570,Toribash,873,0,
1035510,Ultimate Zombie Defense,873,0,
397340,SimplePlanes,873,0,
1543030,Sword and Fairy 7,872,0,
370510,Marble Mayhem: Fragile Ball,872,0,
468920,Ultimate Fishing Simulator®,872,0,
788100,Neon Abyss,872,0,
505210,Neon Space 2,871,0,
224580,Arma 2: DayZ Mod,871,0,
1134700,Wild Terra 2: New Lands,870,0,
528230,SYNTHETIK,870,0,
236870,HITMAN™,869,1,Hitman 1
1274570,DEVOUR,869,0,
861650,Session: Skate Sim,869,0,
1293180,SuchArt: Genius Artist Simulator,869,0,
1469280,SuchArt: Creative Space,868,0,
341310,Greyfox,868,0,
600750,Star Trek Timelines,868,0,
895620,Spellcaster University,867,0,
407130,Tank Mechanic Simulator,866,0,
574720,Little Big Workshop,866,0,
552620,ATOM RPG: Post-apocalyptic indie game,866,0,
317470,Cubic Castles,866,0,
357310,Oriental Empires,866,0,
1291010,Warpips,865,0,
991780,探灵笔記/拾遗记-1v5(Notes of Soul),864,1,探灵笔記/拾遗记-1v5
491950,Orwell: Keeping an Eye On You,864,0,
1426450,Age of Darkness: Final Stand,864,0,
40990,Mafia,863,0,
408760,Pro Cycling Manager 2016,862,0,
706990,BLOCKPOST LEGACY,861,0,
1287840,Disciples: Liberation,861,0,
1335830,Len's Island,860,0,
541570,Sally Face - Episode One,860,0,
333950,Medieval Engineers,860,0,
1222730,STAR WARS™: Squadrons,860,1,Star Wars Squadrons
1490890,Demon Slayer -Kimetsu no Yaiba- The Hinokami Chronicles,860,0,
1079260,Fireworks Mania - An Explosive Simulator,860,0,
843660,Rogue Agent,859,0,
515180,Bus Simulator 18,858,0,
1056600,Home Sweet Home Survive,858,0,
891040,Pool 2D - Poolians,858,0,
667530,Drunken Wrestlers 2,858,0,
787810,Rogue Heroes: Ruins of Tasos,857,0,
496460,Life is Feudal: Forest Village,857,0,
1034140,Subverse,857,0,
346120,Boring Man - Online Tactical Stickman Combat,856,0,
1062160,Poly Bridge 2,856,0,
582500,We Were Here,856,0,
351920,Crazy Machines 3,856,0,
221260,Little Inferno,855,0,
1083600,Grow Defense,854,0,
1179680,Wurm Online,853,0,
936790,Life is Strange: True Colors,852,0,
915320,Pixel Strike 3D,852,0,
536270,Ancestors: The Humankind Odyssey,852,0,
442070,Drawful 2,852,0,
1111460,Bunny eShop,852,0,
799640,Dungeon Munchies,851,0,
914620,Mist Survival,851,0,
861540,Dicey Dungeons,851,0,
446020,Jalopy,851,0,
385270,Jet Racing Extreme,850,0,
1377150,Operation: Tango - Demo,849,0,
603150,Defence to death,848,0,
1075740,Banners of Ruin,848,0,
1749630,Chill Corner,848,0,
396750,EVERSPACE™,848,0,
1087280,Out of the Park Baseball 21,848,0,
588650,Dead Cells,847,0,
1104280,The Slormancer,847,0,
357070,UBERMOSH,847,0,
1485080,Just Act Natural,846,0,
522210,Serial Cleaner,846,0,
1168660,Barro 2020,845,0,
1293230,House of Detention,845,0,
1606340,Conquest of Elysium 5,845,0,
1131620,Dominion,845,0,
732690,FIVE NIGHTS AT FREDDY'S: HELP WANTED,844,0,
1289310,Helltaker,844,0,
616560,Ultimate Epic Battle Simulator,844,0,
761830,Mr. Prepper,843,0,
1040230,Curious Expedition 2,843,0,
1814010,Stuck In Time,843,0,
1674170,Sprocket,843,0,
518150,Intruder,843,0,
293260,Card Hunter,843,0,
1709920,Idle Pins,842,0,
457210,SEUM: Speedrunners from Hell,841,0,
1134100,Frozenheim,841,0,
47890,The Sims™ 3,838,0,
979920,Supremacy 1914,838,0,
759740,RIDE 3,838,0,
1434950,HighFleet,836,0,
1211020,Wobbly Life,835,0,
17520,Synergy,835,0,
1199030,Tainted Grail,834,0,
976620,Enderal: Forgotten Stories (Special Edition),833,1,Enderal: Forgotten Stories
298610,Ylands,833,0,
324810,TOXIKK,833,0,
1070330,Russian Life Simulator,833,0,
980610,Quaver,833,0,
324510,Boundless,832,0,
303390,Dead Bits,830,0,
965580,Root,830,0,
1069640,This Land Is My Land,829,0,
973810,Journey To The Savage Planet,829,0,
1266840,The Last Stand: Aftermath,828,0,
1227530,Partisans 1941,827,0,
1552350,The Jackbox Party Pack 8,827,0,
1263370,Seek Girl:Fog Ⅰ,827,0,
1101190,Dungeon Defenders: Awakened,826,0,
817130,WWE 2K19,825,0,
307110,We Need To Go Deeper,825,0,
394310,Punch Club,822,0,
491540,The Bus,820,0,
383840,Nimbatus - The Space Drone Constructor,819,0,
508180,Fly and Destroy,819,0,
1263860,Football Manager 2021 Touch,818,0,
577800,NBA 2K18,817,0,
673950,Farm Together,817,0,
1196470,WE ARE FOOTBALL,815,0,
793460,112 Operator,814,0,
1252780,Bloons Monkey City,813,0,
415830,Gnomes Garden,812,0,
469730,Super Mega Neo Pug,811,0,
863550,HITMAN™ 2,811,1,Hitman 2
1722020,Old Coin Pusher Friends,811,0,
360620,Spellsworn,810,0,
548570,RAGE 2,809,0,
1016800,Chernobylite Complete Edition,809,1,Chernobylite
663390,Rento Fortune - Multiplayer Board Game,808,0,
446150,GUNS UP!,808,0,
362490,Exanima,808,0,
586140,BlazBlue Centralfiction,805,0,
1252600,ANOTHER EDEN,804,0,
578330,LEGO® City Undercover,804,1,City Undercover
605740,"Flashing Lights - Police, Firefighting, Emergency Services (EMS) Simulator",804,1,"Flashing Lights - Police, Firefighting, Emergency Services Simulator"
1416260,SpellForce 3: Versus Edition,803,0,
314430,M.A.R.S.,802,0,
790740,Tick Tock: A Tale for Two,802,0,
1458100,Cozy Grove,801,0,
601640,The guard of dungeon,800,0,
317400,Portal Stories: Mel,800,0,
1436990,Feign,800,0,
816020,JUMP FORCE,798,0,
467950,Survive in Space,796,0,
442120,Pinball FX3,796,0,
1048540,Kao the Kangaroo: Round 2,795,0,
1104450,Bombergrounds: Reborn,795,0,
1099410,A Total War Saga: TROY,794,1,Troy
798420,Professional Fishing,793,0,
291550,Brawlhalla,793,0,
485310,Head Shot,793,0,
486860,MMORPG Tycoon 2,792,0,
372800,RPG MO,792,0,
968970,Lumberjack's Dynasty,789,0,
385760,NBA 2K17,788,0,
1289340,Tastemaker,788,0,
1108370,Ratropolis,788,0,
784150,Workers & Resources: Soviet Republic,785,0,
222520,Champions of Regnum,785,0,
1559390,天命奇御二 Fate Seeker II,784,0,
1541840,古剑奇谭网络版 海外版,783,0,
364470,The Elder Scrolls: Legends,783,0,
1325860,VTube Studio,783,0,
1220140,Cartel Tycoon,782,0,
1022310,Warhammer Underworlds - Shadespire Edition,782,0,
942970,Unheard,782,0,
1018830,Element TD 2 - Tower Defense,782,0,
1046480,THE IDOLM@STER STARLIT SEASON,781,0,
310950,Street Fighter V,781,2,SF5|SFV
372000,Tree of Savior (English Ver.),781,1,Tree of Savior
567280,Cube Runner,780,0,
597820,BIOMUTANT,780,0,
1178400,Pro Cycling Manager 2020,779,0,
571310,SteamWorld Dig 2,779,0,
1040420,Dreamscaper,779,0,
1288310,Firework,778,0,
905370,Conqueror's Blade,778,0,
332950,Dark Deception,778,0,
553310,Lethal League Blaze,776,0,
1690730,Incremental Cubes,776,0,
1134710,NIMBY Rails,776,0,
955050,Bright Memory,775,0,
1342330,Mad Games Tycoon 2,775,0,
976590,Bus Simulator 21 Next Stop,775,0,
527230,For The King,770,0,
327070,Gloria Victis: Medieval MMORPG,769,0,
1444480,Turing Complete,769,0,
848480,Creeper World 4,769,0,
1462810,WRC 10 FIA World Rally Championship,766,0,
420790,StarBreak,764,0,
556770,Star Phoenix,764,0,
894940,Littlewood,763,0,
1244630,House Builder,762,0,
334920,Zero-K,762,0,
235540,Warhammer: End Times - Vermintide,762,0,
1754720,英雄黄昏,762,0,
755800,Hades' Star,761,0,
213610,Sonic Adventure 2,760,0,
230290,Universe Sandbox,758,0,
761890,Albion Online,758,1,Albion
885570,Nova-Life: Amboise,756,0,
1540960,Underworld Idle,755,0,
1232420,Atlantica Global,755,0,
1421250,Tiny Bunny,754,0,
1724190,Come Home,754,0,
300380,Road Redemption,754,0,
985890,Streets of Rage 4,753,0,
601220,Zup! F,751,0,
1175830,Legend of Mana,747,0,
514460,Cyberline Racing,747,0,
1463920,hexceed,747,0,
1372810,Teamfight Manager,747,0,
206500,AirMech,745,0,
46500,Syberia,744,0,
1223750,Cloud Meadow,743,0,
1836550,Tap Wizard 2,743,0,
548430,Deep Rock Galactic,743,0,
235400,King’s Bounty: Legions,743,0,
743090,Defiance 2050,742,0,
1259440,Mist Legacy,742,0,
951430,Dead Age 2,742,0,
978780,STORY OF SEASONS: Friends of Mineral Town,742,0,
760650,Hammerting,741,0,
1366800,Crosshair X,740,0,
672870,ScreenPlay,740,0,
1735420,Fake Hostel,740,0,
1078730,Soccer Manager 2020,739,0,
872820,Football Manager 2019 Touch,738,0,
1275350,Ninja Kiwi Archive,738,0,
312990,The Expendabros,737,0,
1148650,The Legend of Bum-Bo,737,0,
1515950,Capcom Arcade Stadium,736,0,
1194930,Blackthorn Arena,735,0,
1166860,Rival Stars Horse Racing: Desktop Edition,734,0,
1129190,Our Life: Beginnings & Always,733,0,
1538570,Patron,733,0,
398710,Timberman,732,0,
1016600,Devil Slayer - Raksasi / 斩妖Raksasi,731,0,
1191120,Growing Up,730,0,
1578390,My Garage,727,0,
1048100,Peekaboo,725,0,
1011510,Wizard And Minion Idle,724,0,
250340,Blockland,722,0,
955740,Mini Healer,722,0,
375530,"Football, Tactics & Glory",721,0,
1415410,Farm Manager 2021: Prologue,719,0,
1674890,选王之剑,718,0,
673560,IOSoccer,716,0,
1222140,Detroit: Become Human,715,0,
624120,Football Manager Touch 2018,715,0,
1024890,Sector's Edge,714,0,
1352330,Zoo 2: Animal Park,714,0,
1135300,King's Bounty II,714,0,
1291340,Townscaper,714,0,
1097200,Twelve Minutes,714,0,
466560,Northgard: Definitive Edition,713,1,Northgard
803330,Destroy All Humans!,712,0,
1198090,The Legend of Heroes: Trails of Cold Steel IV,708,0,
879160,Battlerite Royale,707,0,
838380,DEAD OR ALIVE 6,706,0,
1113570,Voice of Cards: The Isle Dragon Roars,706,0,
958400,Project CARS 3,704,0,
326360,Warspear Online,702,0,
382560,Hot Lava,701,0,
1025600,Battle Realms: Zen Edition,699,0,
533540,MONMUSU,699,0,
1139940,ATOM RPG Trudograd,698,0,
1471410,SYNTHETIK 2,698,0,
768520,Red Solstice 2: Survivors,696,0,
918570,Century: Age of Ashes,695,0,
454120,Starbase,695,0,
402560,Tabletopia,694,0,
907650,Stronghold: Warlords,694,0,
1593310,NEKOPARA - Catboys Paradise,693,0,
467090,A Game of Changes,693,0,
1173800,FINAL FANTASY IV,691,0,
591960,Animation Throwdown: The Quest for Cards,689,0,
825310,Dude Simulator 2,688,0,
1116960,UNDEFEATED,687,0,
1271700,HOT WHEELS UNLEASHED™,687,0,
656240,Heat,686,0,
686200,Door Kickers: Action Squad,686,0,
1482620,Slappyball,684,0,
1506600,My boss is weird,682,0,
393430,Ice Lakes,680,0,
1346010,RiMS Racing,680,0,
988910,Super Mega Baseball 3,680,0,
1004750,WRC 8 FIA World Rally Championship,678,0,
678800,SAS: Zombie Assault 4,678,0,
482920,Hero Zero,672,0,
287140,Selfie: Sisters of the Amniotic Lens,672,0,
1341200,DYNASTY WARRIORS 9 Empires,672,0,
978460,Emily is Away <3,671,0,
1361000,In Silence,670,0,
1795170,超将棋,666,0,
591740,Sniper Fury,664,0,
833360,Star Valor,663,0,
1407860,Space Travel Idle,663,0,
607080,Psychonauts 2,662,0,
1694200,Dragon And Home,661,0,
678900,Farmer's Dynasty,660,0,
1038250,DIRT 5,659,0,
453480,Shadowverse,658,0,
1369670,Motor Town: Behind The Wheel,656,0,
342940,Project: Gorgon,653,0,
324080,Rising World,651,0,
1568940,花妖物语/Flower girl,650,0,
297130,Titan Souls,650,0,
1443820,BustyBiz,649,0,
1138660,Black Book,647,0,
592260,Dungeon Painter Studio,645,0,
435150,Divinity: Original Sin 2 - Definitive Edition,644,1,Divinity: Original Sin 2
719640,War Planet Online: Global Conquest,644,0,
576770,Low Magic Age,643,0,
233450,Prison Architect,642,0,
1292630,3on3 FreeStyle: Rebound,641,0,
1395760,Reshaping Mars,640,0,
435120,Rusty Lake Hotel,639,0,
1031140,Warhammer The Horus Heresy: Legions,639,0,
951440,Volcanoids,638,0,
1072480,The Fisherman - Fishing Planet,637,0,
1062830,Embr,636,0,
1265820,Fights in Tight Spaces,636,0,
1346070,Sign of Silence,632,0,
1028630,Cricket 19,632,0,
201230,EverQuest II,631,0,
1323470,GetsuFumaDen: Undying Moon,630,0,
510660,Big Bang Empire,629,0,
841190,"Honey, I Joined a Cult",629,0,
1547890,Let's Build a Zoo,628,0,
332570,Amazing Frog?,625,0,
386180,Crossout,624,0,
477160,Human Fall Flat,623,0,
396900,GRIP: Combat Racing,622,0,
1574700,Motorcycle Mechanic Simulator 2021: Prologue,622,0,
486310,Meadow,617,0,
1123830,Farm Manager 2021,617,0,
1677740,Stumble Guys,614,0,
1424800,Uncharted Waters IV HD Version,614,0,
619910,Just Cause™ 3: Multiplayer Mod,614,0,
1272160,The Life and Suffering of Sir Brante,613,0,
661130,ChilloutVR,613,0,
217750,Age of Conan: Unchained,612,0,
1083880,Princess & Conquest,612,0,
1684170,Fetish Locator Week Two,611,0,
1440500,東方剛欲異聞～ 水没した沈愁地獄,611,0,
1554790,Coloring Game 4,611,0,
1148150,Man of the House,609,0,
1283410,Tails of Iron,608,0,
808290,Runes of Magic,608,0,
1239020,TOGETHER BnB,608,0,
1349120,球球少女/Pinball Girls,607,0,
602960,Barotrauma,607,0,
1173790,FINAL FANTASY III,606,0,
434460,Rock of Ages 2,605,0,
909080,Cube Escape: Paradox,605,0,
1126310,风信楼,604,0,
326160,Shroud of the Avatar: Forsaken Virtues,603,0,
1233590,Warhammer Age of Sigmar: Storm Ground,602,0,
1281590,The Dark Pictures Anthology: House of Ashes,601,0,
1173780,FINAL FANTASY II,601,0,
797410,Headsnatchers,599,0,
1076200,Roguebook,598,0,
262060,Darkest Dungeon®,597,0,
381990,Dragon Saga,597,0,
314650,SpaceEngine,596,0,
544810,KARDS - The WW2 Card Game,594,0,
1731270,Global City,594,0,
416450,Emporea,594,0,
604540,Empire of Sin,592,0,
797430,HD Poker,592,0,
740250,Neos VR,592,0,
1016120,PGA TOUR 2K21,590,0,
595690,One Hour One Life,590,0,
1173770,FINAL FANTASY,590,0,
1238080,Burnout™ Paradise Remastered,588,0,
1546570,Sword and Fairy,588,0,
1388590,Yakuza 6: The Song of Life,587,0,
371520,Bounty Train,587,0,
17430,Need for Speed: Undercover,586,0,
1330460,Becastled,586,0,
377300,Thunder Tier One,586,0,
1424330,Wobbledogs,586,0,
71250,Sonic Adventure DX,586,0,
1250790,Crafting Idle Clicker,586,0,
1170970,Marbles on Stream,584,0,
907270,eSports Legend / 电竞传奇,584,0,
1029550,Torque Drift,580,0,
1058770,我来自江湖,579,0,
1178790,Shiren the Wanderer: The Tower of Fortune and the Dice of Fate,578,0,
1173810,FINAL FANTASY V,577,0,
1618540,Ghost Exorcism INC,571,0,
417860,Emily is Away,569,0,
575720,Mighty Party,568,0,
1085510,Garfield Kart - Furious Racing,567,0,
427940,Industries of Titan,565,0,
886900,Chef,564,0,
1070580,Drift86,563,0,
397950,Clustertruck,562,0,
1304340,Monster Energy Supercross - The Official Videogame 4,561,0,
839200,SpedV,561,0,
509220,Save Jesus,560,0,
824000,Hokko Life,560,0,
1727650,死寂（DeathlyStillness）,560,0,
1630080,College Bound - Episode 1,559,0,
378360,Ymir,559,0,
263540,Villagers and Heroes,555,0,
1088710,Yakuza 3 Remastered,554,0,
589590,Kindergarten,554,0,
1580240,Rune Factory 4 Special,553,0,
921800,Encased,551,0,
1830840,The Planet Crafter: Prologue,549,0,
488310,Eleven Table Tennis,547,0,
1003590,Tetris® Effect: Connected,544,0,
1038370,Trials of Fire,541,0,
1349540,DPS IDLE,539,0,
478980,Mansions of Madness,539,0,
282660,Easy eSports,538,0,
1641650,Airline Manager,537,0,
905640,CombatArms: Reloaded,536,0,
950860,Spiral Clicker,532,0,
896160,Evil Bank Manager,531,0,
1335240,放置勇者：远征/idle Heroes: Odyssey,531,0,
1078760,Motorcycle Mechanic Simulator 2021,528,0,
1638220,軒轅劍參外傳 天之痕,528,0,
266310,GameGuru Classic,528,0,
753650,Due Process,527,0,
785770,Notruf 112 - Die Feuerwehr Simulation 2,527,0,
1316230,Force of Nature 2,524,0,
1817940,Love Delivery,522,0,
378760,Pixel Starships,520,0,
1301390,No Umbrellas Allowed,515,0,
1388880,Doki Doki Literature Club Plus!,512,0,
822240,Animal Jam,510,0,
1573360,Infinity Kingdom,510,0,
1114940,I Wanna Maker,508,0,
1701380,Cricket 22,508,0,
1144170,Warhammer: Chaos & Conquest,508,0,
370770,Holodrive,507,0,
1196600,BIOHAZARD VILLAGE Z Version,505,0,
1474700,MONOPOLY Poker,504,0,
1265860,NASCAR Heat 5,502,0,
620190,Gunsmith,502,0,
1392960,STORY OF SEASONS: Pioneers of Olive Town,500,0,
1579380,Shadow Tactics: Aiko's Choice,500,0,
675690,Tribal Wars,498,0,
627690,Idle Champions of the Forgotten Realms,498,0,
977880,Eastward,494,0,
1260810,东方华彩乱战2 ~ Touhou Blooming Chaos 2,494,0,
431600,Automobilista,487,0,
404410,Endless Sky,487,0,
1506280,EroPhone,486,0,
1668080,Flåklypa Grand Prix,484,0,
1000360,Hellish Quart,484,0,
1195290,Moncage,483,0,
1637070,My New Memories,480,0,
1374840,Dark Deity,478,0,
1163550,Captain Tsubasa - Rise of New Champions,476,0,
839910,Mythgard,476,0,
443110,Armored Warfare,475,0,
1195460,Last Year,473,0,
203680,F1 Race Stars,472,0,
1414850,Nickelodeon All-Star Brawl,472,0,
1179210,Kill It With Fire,472,0,
1260820,Third Crisis,468,0,
562010,Tanki Online,466,0,
1167140,Siege Survival: Gloria Victis,465,0,
578620,GORN,464,0,
461430,EmergeNYC,464,0,
354290,LoveBeat,462,0,
1073910,Before We Leave,462,0,
1528080,Gas Station Simulator: Prologue - Early Days,459,0,
1049890,Little Witch Nobeta,458,0,
1255980,Portal Reloaded,457,0,
1078000,Gamecraft,457,0,
528740,Operation: New Earth,456,0,
518030,Aim Hero,455,0,
550320,art of rally,450,0,
1806040,Snake Force,450,0,
1597220,Tower Ball - Incremental Tower Defense,450,0,
703860,GRID (2019),446,1,GRID
260430,The Four Kings Casino and Slots,446,0,
1364290,Animalia Survival,445,0,
1290260,Dark Roll: Free Kick Challenge,443,0,
836620,Black Desert,442,1,BDO
1674470,ELYON,441,0,
1044620,Aokana - Four Rhythms Across the Blue,440,0,
1477950,Lazy Galaxy 2,440,0,
1103210,We Become What We Behold,438,0,
1330250,Taimanin Collection: Battle Arena,434,0,
880850,War Rock,434,0,
1069690,Rogue Lords,429,0,
842180,Prison Simulator,428,0,
1072500,AO Tennis 2,427,0,
1070820,RealFlight 9.5S,425,0,
865610,Tails Noir,423,0,
1292690,Corruption of Champions II,423,0,
1658620,Idle Wasteland,421,0,
815780,PIPE,420,0,
1489630,Carrier Command 2,418,0,
1480560,Lawn Mowing Simulator,415,0,
1262600,Need for Speed™ Rivals,415,0,
1543150,The Fermi Paradox,415,0,
1369470,Pincremental,414,0,
496240,Onward,413,0,
564230,Fire Pro Wrestling World,413,0,
1493760,Youtubers Life 2,411,0,
1361320,The Room 4: Old Sins,410,0,
1716120,Monster Rancher 1 & 2 DX,410,0,
1236720,Spirit Island,410,0,
842780,NavalArt,410,0,
598960,Mashinky,408,0,
1222370,Necromunda: Hired Gun,408,0,
55140,MX vs. ATV Reflex,408,0,
641080,Trials Rising,405,0,
1114220,Gedonia,404,0,
1161170,The Rewinder,401,0,
1182020,WGT Golf,401,0,
1426490,LOST EPIC,400,0,
235380,Blitzkrieg 3,399,0,
1258780,B100X - Auto Dungeon RPG,399,0,
877010,Beyond Contact,398,0,
364210,Sierra Ops,394,0,
1569090,Vivid Knight,394,0,
513000,Kuboom,394,0,
1098130,Get Stuffed!,392,0,
1089830,Monster Energy Supercross - The Official Videogame 3,392,0,
1463730,Arid,391,0,
641780,The Drone Racing League Simulator,389,0,
936720,Wrench,387,0,
1330660,Train Life: A Railway Simulator,386,0,
792220,Paunch,386,0,
732050,Voxel Tycoon,384,0,
506500,Party Panic,382,0,
1330470,F.I.S.T.: Forged In Shadow Torch,381,0,
1097130,Circuit Superstars,381,0,
1769420,Noble Fates,378,0,
979640,Cepheus Protocol,378,0,
798510,SUPER DRAGON BALL HEROES WORLD MISSION,377,0,
985830,SUCCUBUS,374,0,
1747650,The Darkest Tales — Into the Nightmare,374,0,
607260,McOsu,374,0,
604500,Tank Force,374,0,
1351630,Ys IX: Monstrum Nox,371,0,
1263550,COMBAT ARMS: THE CLASSIC,371,0,
1123050,GRIME,370,0,
1131190,NERTS! Online,369,0,
1184770,The Political Process,369,0,
480430,Hide and Shriek,368,0,
1764530,Sailwind,367,0,
914260,HALF DEAD 2,366,0,
1437820,三国群英传,365,0,
1197570,Until We Die,364,0,
594330,Visage,361,0,
1648390,ScooterFlow,359,0,
99910,Puzzle Pirates,358,0,
464350,Screeps: World,357,0,
1379130,League of Angels-Heaven's Fury,355,0,
1732190,FATAL FRAME / PROJECT ZERO: Maiden of Black Water,354,0,
332070,School of Dragons: How to Train Your Dragon,354,0,
1600530,3D Aim Trainer,353,0,
290470,Onigiri,351,0,
1394270,SCP: Escape Together,348,0,
1647160,Deepest Sword,345,0,
1191420,Fake Lay,342,0,
598980,The Coin Game,342,0,
412020,Metro Exodus,332,0,
947890,VirtualCast,332,0,
451130,Khan: Absolute Power,331,0,
1120810,斩妖行 Eastern Exorcist,330,0,
715670,DashPanel,328,0,
1003400,The Lord of the Rings: Journeys in Middle-earth,327,0,
727130,Between the Stars,322,0,
1623880,"Noob, les Sans-Factions",320,0,
1054430,Fling to the Finish,320,0,
1682050,PropHunter,318,0,
1801650,Lost: Find,316,0,
944250,Castle Flipper,316,0,
1289380,Sheltered 2,314,0,
726590,NBA 2K Playgrounds 2,312,0,
1058830,Spin Rhythm XD,309,0,
520940,MX vs ATV All Out,307,0,
429540,Prime World: Defenders 2,305,0,
457550,Bigscreen Beta,304,0,
7200,TrackMania United Forever,300,0,
924070,Arboria,298,0,
981890,Olympic Games Tokyo 2020 – The Official Video Game™,296,0,
1057700,Battle Grounds III,295,0,
1157250,Anomaly Zone,293,0,
558230,Elsword Free-to-Play,291,0,
510500,Executive Assault 2,290,0,
1412190,BEACHED,288,0,
681590,Company of Heroes: Blitzkrieg Mod,287,0,
1018160,MXGP 2019 - The Official Motocross Videogame,284,0,
586110,Sansar,280,0,
1011810,エルソード (ELSWORD),279,1,エルソード
1294760,HARD BULLET,274,0,
915310,SNKRX,272,0,
1527910,Gladio and Glory,271,0,
1372320,Cloud Gardens,270,0,
272230,Sub Rosa,268,0,
390100,9Dragons,266,0,
979060,Bloons Adventure Time TD,265,0,
1710930,Bubble People,264,0,
1461100,International Basketball Manager 22,264,0,
1408230,Walkabout Mini Golf VR,262,0,
893720,One Hand Clapping,262,0,
1739000,Franchise Hockey Manager 8,262,0,
1755920,Star Hunter - Infinite Lagrange,261,0,
674930,Boyfriend Dungeon,258,0,
1662840,Parquet,257,0,
838410,Tabletop Playground,256,0,
1188540,Apex Aim Trainer,255,0,
1377450,圣歌德嘉的晚钟,254,0,
1218900,Zup! Z,254,0,
522230,The Fishing Club 3D: Co-op Sport Angling,254,0,
520950,DRIFT CE,252,0,
1082180,TT Isle of Man: Ride on the Edge 2,250,0,
1620340,Wrestling Empire,250,0,
1661270,Car Detailing Simulator: Prologue,250,0,
782670,Battle Tanks: World War II,248,0,
1209410,King of Seas,247,0,
623280,Dungeons & Dragons: Dark Alliance,246,0,
1610870,Chair Simulator,246,0,
1386950,Heavy Metal Babes,246,0,
1345870,Franchise Hockey Manager 7,246,0,
1296770,Her New Memory,244,0,
1644490,Occult,244,0,
1035120,Lust from Beyond,238,0,
1433420,Love n War: Hero by Chance,237,0,
1036950,Super Jigsaw Puzzle: Generations,237,0,
1296840,The Spike,236,0,
1566410,東方虹龍洞 ～ Unconnected Marketeers.,230,0,
1269710,Kainga,229,0,
1163690,Wizards,228,0,
1690690,Idle Monkeylogy,227,0,
1259800,MXGP 2020 - The Official Motocross Videogame,225,0,
954870,Astrox Imperium,225,0,
975270,军团战棋 Legion War,224,0,
1607310,汽车帝国,224,0,
1555710,OMFG: One Million Fatal Guns,221,0,
810040,Swords 'n Magic and Stuff,221,0,
389140,Horizon Chase Turbo,218,0,
1820170,The Two of Us,218,0,
1557480,Project MIKHAIL,217,0,
541200,GTTOD,210,0,
1295270,SaGa Frontier Remastered,209,0,
834280,Fishing Sim World®: Pro Tour,207,0,
1170880,Grimm's Hollow,207,0,
518790,theHunter: Call of the Wild™,203,0,
1518440,MakerKing,203,0,
887800,Snooker 19,202,0,
865570,pact with a witch,199,0,
431960,Wallpaper Engine,194,0,
1313580,CryptoClickers: Crypto Idle Game,193,0,
1610470,MXGP 2021 - The Official Motocross Videogame,190,0,
646570,Slay the Spire,186,0,
852220,Accident,184,0,
362930,Garfield Kart,182,0,
1302930,Cricket Captain 2020,182,0,
655290,Escape The Pacific,182,0,
1412570,Monster Hunter Stories 2: Wings of Ruin Trial Version,181,0,
518060,Chess Ultra,179,0,
1418760,Claire's Quest: GOLD,178,0,
1287590,Tour de France 2020,177,0,
1182620,Impostor Factory,174,0,
758990,Ancient Warfare 3,174,0,
547900,Front Office Football Eight,171,0,
979710,Easy Pose,170,0,
715310,Urban Rivals,170,0,
1309820,Remains,169,0,
1053680,Granny Simulator,167,0,
339790,rFactor,166,0,
603260,The Cat Games,166,0,
1591420,Hmmsim Metro,165,0,
406350,KartKraft,165,0,
1407210,Space Rescue: Code Pink,164,0,
754500,Plutocracy,162,0,
1661260,Animal Shelter: Prologue,162,0,
347950,Palace of Cards,159,0,
1454050,Tour de France 2021,158,0,
542590,SoulSaverOnline,156,0,
1450180,Haunt Chaser,154,0,
1205950,Seeds of Chaos,151,0,
1528860,The Legend of Karl,151,0,
1483870,Draw & Guess,148,0,
1420780,校长模拟器,148,0,
724300,Roof Rage,147,0,
436530,Bullshot,146,0,
346470,Tennis Elbow 2013,142,0,
379210,Wayward,140,0,
747920,Hero Plus,138,0,
1178160,Blackjack Championship,137,0,
1245540,Touhou Endless Dream,135,0,
1550710,Warbox,132,0,
1469160,Wartune Reborn,131,0,
1404500,Dungeon Royale,130,0,
979560,RainWallpaper,128,0,
1730910,英雄道,126,0,
1477630,Swing Dunk,126,0,
873270,Rolled Out!,123,0,
1491340,Marble World,112,0,
1204990,Milkcraft,110,0,
356190,Middle-earth™: Shadow of War™,109,1,Shadow of War
1724860,胡莱三国3,107,0,
760810,Retimed,106,0,
1106340,Legend Bowl,105,0,
1205480,Monster Jam Steel Titans 2,102,0,
1430970,Astatos,85,0,
887830,Pretend,81,0,
440900,Conan Exiles,73,0,
594570,Total War: WARHAMMER II,70,2,TWW2|Total War Warhammer 2
1266980,Madrun,57,0,
1527290,Company of Heroes: Back to Basics,54,0,
218620,PAYDAY 2,49,0,
227940,Heroes & Generals,44,0,
270880,American Truck Simulator,43,0,
397900,Business Tour - Board Game with Online Multiplayer,40,0,
637090,BATTLETECH,39,0,
281990,Stellaris,37,0,
394360,Hearts of Iron IV,33,2,HOI4|HoI4
383120,Empyrion - Galactic Survival,32,0,
624890,Adventure Craft,30,0,
346110,ARK: Survival Evolved,28,2,ARK|ASE
221100,DayZ,28,0,
594650,Hunt: Showdown 1896,25,0,
252950,Rocket League,25,0,
311690,Enter the Gungeon,23,0,
232090,Killing Floor 2,23,0,
552500,Warhammer: Vermintide 2,21,0,
312660,Sniper Elite 4,19,0,
791990,MOBA GM,16,0,
513710,SCUM,14,0,
489830,The Elder Scrolls V: Skyrim Special Edition,14,4,Skyrim|Skyrim SE|TES V|The Elder Scrolls V: Skyrim
492720,Tropico 6,13,0,
457140,Oxygen Not Included,10,0,
750920,Shadow of the Tomb Raider: Definitive Edition,10,1,Shadow of the Tomb Raider
323190,Frostpunk,10,0,
508440,Totally Accurate Battle Simulator,9,0,
648800,Raft,9,0,
786520,SAO Utils: Beta,8,0,
244210,Assetto Corsa,8,0,
613100,House Flipper,7,0,
367520,Hollow Knight,6,0,
261550,Mount & Blade II: Bannerlord,6,0,
294100,RimWorld,6,0,
393380,Squad,5,0,
255710,Cities: Skylines,5,1,Cities Skylines
552990,World of Warships,5,0,
413150,Stardew Valley,3,1,SDV
236390,War Thunder,2,0,
1444570,Fantasy Royal VR,1,0,
230410,Warframe,1,0,
379430,Kingdom Come: Deliverance,1,0,
779340,Total War: THREE KINGDOMS,1,0,
632470,Disco Elysium - The Final Cut,1,0,
311210,Call of Duty: Black Ops III,0,2,BO3|Black Ops 3
1184370,Pathfinder: Wrath of the Righteous - Enhanced Edition,0,0,
1201240,BLEACH Brave Souls,0,0,
1196590,Resident Evil Village,0,3,RE Village|RE8|REVIII
526870,Satisfactory,0,0,
782330,DOOM Eternal,0,0,
105600,Terraria,0,0,
1066780,Transport Fever 2,0,0,
1623660,MIR4,0,0,
1190000,Car Mechanic Simulator 2021,0,0,
766570,Russian Fishing 4,0,0,
1203220,NARAKA: BLADEPOINT,0,0,
1180380,Stay Out,0,0,
552520,Far Cry 5,0,0,
1174180,Red Dead Redemption 2,0,1,RDR2
570940,DARK SOULS™: REMASTERED,0,0,
1172620,Sea of Thieves: 2025 Edition,0,0,
1172470,Apex Legends™,0,1,Apex
1172380,STAR WARS Jedi: Fallen Order™,0,1,Jedi: Fallen Order
578080,PUBG: BATTLEGROUNDS,0,2,PLAYERUNKNOWN'S BATTLEGROUNDS|PUBG
1167630,Teardown,0,0,
1665460,eFootball™,0,0,
200210,Realm of the Mad God Exalt,0,0,
1599340,Lost Ark,0,0,
72850,The Elder Scrolls V: Skyrim,0,0,
1057090,Ori and the Will of the Wisps,0,0,
1238810,Battlefield™ V,0,2,BFV|Battlefield 5
1056640,Phantasy Star Online 2 New Genesis,0,0,
212680,FTL: Faster Than Light,0,0,
211820,Starbound,0,0,
1237970,Titanfall® 2,0,0,
208650,Batman™: Arkham Knight,0,1,Batman Arkham Knight
1237950,STAR WARS™ Battlefront™ II,0,1,Battlefront II
1569040,Football Manager 2022,0,0,
475150,Titan Quest Anniversary Edition,0,1,Titan Quest
495420,State of Decay 2,0,0,
1206560,WorldBox - God Simulator,0,0,
1222680,Need for Speed™ Heat,0,1,NFS Heat
1222670,The Sims™ 4,0,0,
784080,MechWarrior 5: Mercenaries,0,0,
203770,Crusader Kings II,0,1,CK2
1062090,Timberborn,0,0,
203160,Tomb Raider Game of the Year,0,0,
1217060,Gunfire Reborn,0,0,
1213210,Command & Conquer™ Remastered Collection,0,0,
924970,Back 4 Blood,0,0,
582010,Monster Hunter: World,0,0,
933110,Age of Empires III: Definitive Edition,0,1,Age of Empires III
214950,Total War: ROME II - Emperor Edition,0,0,
4700,Total War: MEDIEVAL II – Definitive Edition,0,1,Total War: MEDIEVAL II
1085660,Destiny 2,0,1,D2
1086940,Baldur's Gate 3,0,1,BG3
8930,Sid Meier's Civilization V,0,2,Civ 5|Civ V
1129580,Medieval Dynasty,0,0,
1128810,RISK: Global Domination,0,0,
632360,Risk of Rain 2,0,0,
4760,Rome: Total War,0,0,
640820,Pathfinder: Kingmaker,0,0,
1113000,Persona 4 Golden,0,2,P4G|Persona 4
4000,Garry's Mod,0,0,
601510,Yu-Gi-Oh! Duel Links,0,0,
703080,Planet Zoo,0,0,
1091500,Cyberpunk 2077,0,0,
1092790,Inscryption,0,0,
620,Portal 2,0,0,
550,Left 4 Dead 2,0,0,
700330,SCP: Secret Laboratory,0,0,
1100600,Football Manager 2020,0,0,
240,Counter-Strike: Source,0,0,
699130,World War Z,0,0,
728880,Overcooked! 2,0,0,
601150,Devil May Cry 5,0,0,
582160,Assassin's Creed Origins,0,0,
1151640,Horizon Zero Dawn™ Complete Edition,0,1,Horizon Zero Dawn
49520,Borderlands 2,0,0,
48700,Mount & Blade: Warband,0,0,
582660,Black Desert,0,1,BDO
588430,Fallout Shelter,0,0,
962130,Grounded,0,0,
1158310,Crusader Kings III,0,1,CK3
39210,FINAL FANTASY XIV Online,0,2,FF14|FFXIV
960170,DJMAX RESPECT V,0,0,
34030,Total War: NAPOLEON – Definitive Edition,0,1,Total War: NAPOLEON
24010,Train Simulator Classic,0,0,
1144200,Ready or Not,0,1,RoN
1151340,Fallout 76,0,0,
1149460,ICARUS,0,0,
22380,Fallout: New Vegas,0,0,
1147690,NGU IDLE,0,0,
958260,DEAD OR ALIVE Xtreme Venus Vacation,0,2,DOA Xtreme|DOAXVV
1145360,Hades,0,0,
12210,Grand Theft Auto IV: The Complete Edition,0,1,Grand Theft Auto IV: The
10500,Total War: EMPIRE – Definitive Edition,0,1,Total War: EMPIRE
9900,Star Trek Online,0,0,
1238840,Battlefield™ 1,0,0,
1551360,Forza Horizon 5,0,0,
306130,The Elder Scrolls® Online,0,0,
1293830,Forza Horizon 4,0,0,
1343400,RuneScape ®,0,0,
1454400,Cookie Clicker,0,0,
1343370,Old School RuneScape,0,1,OSRS
268500,XCOM® 2,0,0,
374320,DARK SOULS™ III,0,0,
1013320,Firestone – Idle Clicker Online RPG,0,0,
377160,Fallout 4,0,0,
1335200,Action Taimanin,0,0,
835570,Conqueror's Blade,0,0,
1329410,雀魂麻将(MahjongSoul),0,1,雀魂麻将
1465360,SnowRunner,0,0,
1328670,Mass Effect™ Legendary Edition,0,3,ME Legendary|Mass Effect|Mass Effect Legendary
1466860,Age of Empires IV: Anniversary Edition,0,1,Age of Empires IV
1325200,Nioh 2 – The Complete Edition,0,1,Nioh 2 – The
1468260,Leaf Blower Revolution - Idle Game,0,0,
1468810,鬼谷八荒 Tale of Immortal,0,0,
686810,Hell Let Loose,0,0,
380600,Fishing Planet,0,0,
381210,Dead by Daylight,0,0,
386360,SMITE®,0,0,
1476970,IdleOn - The Idle RPG,0,0,
271590,Grand Theft Auto V Legacy,0,0,
363970,Clicker Heroes,0,0,
359550,Tom Clancy's Rainbow Six Siege,0,3,R6|R6S|Rainbow Six Siege
292030,The Witcher 3: Wild Hunt,0,0,
881100,Noita,0,0,
883710,Resident Evil 2,0,1,RE2
1426210,It Takes Two,0,0,
304390,FOR HONOR™,0,0,
985810,GrandChase,0,0,
322330,Don't Starve Together,0,1,DST
885970,Total War: ROME REMASTERED,0,0,
1407200,World of Tanks,0,0,
1404210,Red Dead Online,0,0,
325610,Total War: ATTILA,0,1,Attila
275850,No Man's Sky,0,1,NMS
289070,Sid Meier's Civilization VI,0,0,
287700,METAL GEAR SOLID V: THE PHANTOM PAIN,0,0,
872410,ROMANCE OF THE THREE KINGDOMS XIV,0,0,
1384160,GUILTY GEAR -STRIVE-,0,0,
335300,DARK SOULS™ II: Scholar of the First Sin,0,0,
848450,Subnautica: Below Zero,0,0,
346900,AdVenture Capitalist,0,0,
359320,Elite Dangerous,0,0,
1366540,Dyson Sphere Program,0,0,
251570,7 Days to Die,0,0,
387990,Scrap Mechanic,0,0,
1238860,Battlefield 4™,0,0,
250900,The Binding of Isaac: Rebirth,0,0,
231430,Company of Heroes 2,0,0,
1049590,Eternal Return,0,0,
228200,Company of Heroes,0,0,
1259420,Days Gone,0,0,
1258080,Shop Titans,0,0,
444090,Paladins,0,0,
1527950,Wartales,0,0,
444200,World of Tanks Blitz,0,0,
787860,Farming Simulator 19,0,0,
225540,Just Cause™ 3,0,0,
221380,Age of Empires II (2013),0,1,Age of Empires II
1250410,Microsoft Flight Simulator (2020),0,1,Microsoft Flight Simulator
976730,Halo: The Master Chief Collection,0,0,
220200,Kerbal Space Program,0,0,
219740,Don't Starve,0,1,DS
1248130,Farming Simulator 22,0,0,
1244460,Jurassic World Evolution 2,0,0,
1546320,Your Chronicle,0,0,
1240440,Halo Infinite,0,0,
460930,Tom Clancy's Ghost Recon® Wildlands,0,1,Ghost Recon Wildlands
976310,Mortal Kombat 11,0,1,MK11
1259970,eFootball PES 2021 SEASON UPDATE,0,0,
1046930,Dota Underlords,0,0,
1263850,Football Manager 2021,0,0,
813780,Age of Empires II: Definitive Edition,0,1,Age of Empires II
389430,Knight Online,0,0,
1290000,PowerWash Simulator,0,0,
391220,Rise of the Tomb Raider™,0,0,
1029780,Going Medieval,0,0,
244850,Space Engineers,0,0,
814380,Sekiro™: Shadows Die Twice - GOTY Edition,0,0,
1286830,STAR WARS™: The Old Republic™,0,0,
242760,The Forest,0,0,
397540,Borderlands 3,0,0,
239140,Dying Light,0,0,
1517290,Battlefield™ 2042,0,1,BF 2042
238960,Path of Exile,0,1,PoE
236850,Europa Universalis IV,0,1,EU4
812140,Assassin's Creed Odyssey,0,0,
892970,Valheim,0,0,
1506830,FIFA 22,0,0,
1281930,tModLoader,0,0,
1041320,Lords Mobile: Kingdom Wars,0,0,
1267910,Melvor Idle,0,0,
427520,Factorio,0,0,
10,Counter-Strike,0,0,
